"","Species","Indicator_Value_C","Indicator_Value_Tsp","Indicator_Value_Tw","Max_Class","Indicator_Class","P_Value","Rank"
"Bareground","Bareground",0.117489986648865,0.791722296395194,0.0907877169559413,2,0.791722296395194,0.001,1.5
"Dichondra spp.","Dichondra spp.",0.0290569411546143,0.896381960893595,0.0645425974950846,2,0.896381960893595,0.001,1.5
"Lactuca canadensis","Lactuca canadensis",0.184210526315789,0,0.0109649122807018,1,0.184210526315789,0.039,2
"Oxalis corniculata","Oxalis corniculata",0.46752725381101,0.00249355407789388,0.440646627764961,1,0.46752725381101,0.017,2
"Paspalum notatum","Paspalum notatum",0.40998148719531,0.01952522369639,0.558778154890466,3,0.558778154890466,0.004,1
"Rumex hastatulus","Rumex hastatulus",0.500088841506752,8.88415067519545e-05,0.00932835820895522,1,0.500088841506752,0.001,2
