"","NMDS1","NMDS2","envfit_result$vectors$pvals"
"Bareground",0.14854343156785,-0.988905884772685,0.001
"Cnidoscolus stimulosus",-0.448486697174687,0.893789506795275,0.911
"Cynodon dactylon",0.283791451628662,-0.958886026586318,0.001
"Cyperus spp.",0.67882675668388,0.734298464120717,0.016
"Eremochloa ophiuroides",0.648608715003474,0.761122023608266,0.001
"Oxalis corniculata",0.642015671789857,0.766691513697796,0.081
"Paspalum notatum",-0.941254377027608,0.337698382771326,0.001
"Paspalum setaceum",0.113716587688831,-0.993513229748053,0.1
"Richardia spp.",0.0808438577747863,-0.996726778340027,0.102
