"","NMDS1","NMDS2","envfit_result$vectors$pvals"
"Bareground",0.121005506830375,0.992651835900546,0.001
"Cnidoscolus stimulosus",-0.564352909352263,-0.825533641777024,0.86
"Cynodon dactylon",0.273191145586123,0.961959769415198,0.001
"Cyperus spp.",0.638713577538726,-0.769444582713844,0.019
"Eremochloa ophiuroides",0.684957243503693,-0.728583265366302,0.001
"Oxalis corniculata",0.52144463605172,-0.853285117374544,0.044
"Paspalum notatum",-0.959912288899952,-0.280300548730921,0.001
"Paspalum setaceum",0.314372175916438,0.949299813025139,0.177
"Richardia spp.",0.21443171946241,0.976738981349877,0.172
