"","Species","Contribution","SD","P_value","Cumulative_Contribution","Rank"
"Paspalum notatum","Paspalum notatum",0.132436756096542,0.18848275034578,0.68,0.997159689499614,1
"Eremochloa ophiuroides","Eremochloa ophiuroides",0.0568939389063855,0.0812219720448986,0.97,0.989267912241393,2
"Cynodon dactylon","Cynodon dactylon",0.00402691641687659,0.00733034192756864,0.4,0.97178571842767,3
"Richardia spp.","Richardia spp.",0.00211626853966577,0.0100770322372331,0.53,1,4
"Oxalis corniculata","Oxalis corniculata",0.00136218887548216,0.00414655217836969,0.79,0.993812270170151,5
"Cyperus spp.","Cyperus spp.",0.000904197476747196,0.00206214597611588,0.93,0.982421759740468,6
"Bareground","Bareground",0.000666040870628038,0.00249173298412708,0.16,0.665606837116351,7
"Paspalum setaceum","Paspalum setaceum",0.000501964651435557,0.00199023809887335,0.26,0.999682486899927,8
"Cnidoscolus stimulosus","Cnidoscolus stimulosus",6.31760412409049e-05,0.000173930713480936,0.54,0.951547053735405,9
