"","Species","Indicator_Value_C","Indicator_Value_Tsp","Indicator_Value_Tw","Max_Class","Indicator_Class","P_Value","Rank"
"Bareground","Bareground",0.00980392156862745,0.955882352941177,0.0343137254901961,2,0.955882352941177,0.001,2
"Cynodon dactylon","Cynodon dactylon",0.0378065395095368,0.934604904632153,0.0149863760217984,2,0.934604904632153,0.009,2
"Cyperus spp.","Cyperus spp.",0.16680602006689,0.775919732441472,0.0250836120401338,2,0.775919732441472,0.009,2
"Eragrostis spectabilis","Eragrostis spectabilis",0.28695652173913,0.260869565217391,0.452173913043478,3,0.452173913043478,0.005,2
"Indigofera hirsuta","Indigofera hirsuta",0.0199556541019956,0.0277161862527716,0.505820399113082,3,0.505820399113082,0.047,2
"Liatris gracilis","Liatris gracilis",0.0729571984435798,0.295719844357977,0.607003891050584,3,0.607003891050584,0.021,2
"Rubus spp.","Rubus spp.",0.75,0,0,1,0.75,0.001,1
